{
  "episodes": 50,
  "success_rate": 1.0,
  "success_std": 0.0,
  "steps_mean": 13.739999771118164,
  "steps_std": 13.906558990478516,
  "steps_min": 1,
  "steps_max": 71,
  "steps_median": 11.0,
  "success_steps_mean": 13.739999771118164,
  "success_steps_std": 13.906558990478516,
  "reward_mean": 525.9734497070312,
  "reward_std": 23.89811134338379,
  "reward_min": 501.01251220703125,
  "reward_max": 616.3924560546875
}